rank,name,position,team,bye_week,projected_fantasy_points,tier,adp,projection_method,team_conflict,source,ranking_basis
1,Jahmyr Gibbs,RB,DET,6,331.0,1,1.42,published,False,https://g.espncdn.com/s/ffldraftkit/26/NFLDK2026_CS_ClayProjections2026.pdf,season_projection
2,Bijan Robinson,RB,ATL,11,315.0,1,2.01,published,False,https://g.espncdn.com/s/ffldraftkit/26/NFLDK2026_CS_ClayProjections2026.pdf,season_projection
3,Ja'Marr Chase,WR,CIN,6,276.5,1,3.21,published,False,https://g.espncdn.com/s/ffldraftkit/26/NFLDK2026_CS_ClayProjections2026.pdf,season_projection
4,Puka Nacua,WR,LAR,11,295.5,1,4.7,published,False,https://g.espncdn.com/s/ffldraftkit/26/NFLDK2026_CS_ClayProjections2026.pdf,season_projection
5,Jonathan Taylor,RB,IND,13,291.5,1,5.89,published,False,https://g.espncdn.com/s/ffldraftkit/26/NFLDK2026_CS_ClayProjections2026.pdf,season_projection
6,Christian McCaffrey,RB,SF,8,303.5,1,5.92,published,False,https://g.espncdn.com/s/ffldraftkit/26/NFLDK2026_CS_ClayProjections2026.pdf,season_projection
7,Jaxon Smith-Njigba,WR,SEA,11,268.5,1,6.61,published,False,https://g.espncdn.com/s/ffldraftkit/26/NFLDK2026_CS_ClayProjections2026.pdf,season_projection
8,James Cook III,RB,BUF,7,261.0,1,8.91,published,False,https://g.espncdn.com/s/ffldraftkit/26/NFLDK2026_CS_ClayProjections2026.pdf,season_projection
9,Amon-Ra St. Brown,WR,DET,6,266.0,1,9.05,published,False,https://g.espncdn.com/s/ffldraftkit/26/NFLDK2026_CS_ClayProjections2026.pdf,season_projection
10,CeeDee Lamb,WR,DAL,14,242.0,1,11.76,published,False,https://g.espncdn.com/s/ffldraftkit/26/NFLDK2026_CS_ClayProjections2026.pdf,season_projection
11,Justin Jefferson,WR,MIN,6,238.5,1,12.41,published,False,https://g.espncdn.com/s/ffldraftkit/26/NFLDK2026_CS_ClayProjections2026.pdf,season_projection
12,Ashton Jeanty,RB,LV,13,248.5,1,12.46,published,False,https://g.espncdn.com/s/ffldraftkit/26/NFLDK2026_CS_ClayProjections2026.pdf,season_projection
13,Derrick Henry,RB,BAL,13,263.5,1,14.79,published,False,https://g.espncdn.com/s/ffldraftkit/26/NFLDK2026_CS_ClayProjections2026.pdf,season_projection
14,De'Von Achane,RB,MIA,6,260.5,1,16.04,published,False,https://g.espncdn.com/s/ffldraftkit/26/NFLDK2026_CS_ClayProjections2026.pdf,season_projection
15,Saquon Barkley,RB,PHI,10,252.5,1,16.38,published,False,https://g.espncdn.com/s/ffldraftkit/26/NFLDK2026_CS_ClayProjections2026.pdf,season_projection
16,Omarion Hampton,RB,LAC,7,251.0,1,17.48,published,False,https://g.espncdn.com/s/ffldraftkit/26/NFLDK2026_CS_ClayProjections2026.pdf,season_projection
17,Drake London,WR,ATL,11,219.0,1,18.05,published,False,https://g.espncdn.com/s/ffldraftkit/26/NFLDK2026_CS_ClayProjections2026.pdf,season_projection
18,Nico Collins,WR,HOU,8,206.0,1,18.37,published,False,https://g.espncdn.com/s/ffldraftkit/26/NFLDK2026_CS_ClayProjections2026.pdf,season_projection
19,Chase Brown,RB,CIN,6,240.0,1,19.34,published,False,https://g.espncdn.com/s/ffldraftkit/26/NFLDK2026_CS_ClayProjections2026.pdf,season_projection
20,A.J. Brown,WR,NE,11,205.0,1,19.94,published,False,https://g.espncdn.com/s/ffldraftkit/26/NFLDK2026_CS_ClayProjections2026.pdf,season_projection
21,George Pickens,WR,DAL,14,199.0,1,22.7,published,False,https://g.espncdn.com/s/ffldraftkit/26/NFLDK2026_CS_ClayProjections2026.pdf,season_projection
22,Kenneth Walker III,RB,KC,5,249.0,1,23.0,published,False,https://g.espncdn.com/s/ffldraftkit/26/NFLDK2026_CS_ClayProjections2026.pdf,season_projection
23,Brock Bowers,TE,LV,13,191.0,1,23.4,published,False,https://g.espncdn.com/s/ffldraftkit/26/NFLDK2026_CS_ClayProjections2026.pdf,season_projection
24,Josh Allen,QB,BUF,7,369.0,1,23.99,published,False,https://g.espncdn.com/s/ffldraftkit/26/NFLDK2026_CS_ClayProjections2026.pdf,season_projection
25,Trey McBride,TE,ARI,14,188.0,2,24.42,published,False,https://g.espncdn.com/s/ffldraftkit/26/NFLDK2026_CS_ClayProjections2026.pdf,season_projection
26,Kyren Williams,RB,LAR,11,215.5,2,26.98,published,False,https://g.espncdn.com/s/ffldraftkit/26/NFLDK2026_CS_ClayProjections2026.pdf,season_projection
27,Rashee Rice,WR,KC,5,222.0,2,27.47,published,False,https://g.espncdn.com/s/ffldraftkit/26/NFLDK2026_CS_ClayProjections2026.pdf,season_projection
28,Jeremiyah Love,RB,ARI,14,246.5,2,30.12,published,False,https://g.espncdn.com/s/ffldraftkit/26/NFLDK2026_CS_ClayProjections2026.pdf,season_projection
29,Chris Olave,WR,NO,8,200.0,2,30.22,published,False,https://g.espncdn.com/s/ffldraftkit/26/NFLDK2026_CS_ClayProjections2026.pdf,season_projection
30,Josh Jacobs,RB,GB,11,256.0,2,30.46,published,False,https://g.espncdn.com/s/ffldraftkit/26/NFLDK2026_CS_ClayProjections2026.pdf,season_projection
31,Malik Nabers,WR,NYG,8,191.5,2,32.0,published,False,https://g.espncdn.com/s/ffldraftkit/26/NFLDK2026_CS_ClayProjections2026.pdf,season_projection
32,Lamar Jackson,QB,BAL,13,322.0,2,33.88,published,False,https://g.espncdn.com/s/ffldraftkit/26/NFLDK2026_CS_ClayProjections2026.pdf,season_projection
33,Javonte Williams,RB,DAL,14,240.5,2,34.21,published,False,https://g.espncdn.com/s/ffldraftkit/26/NFLDK2026_CS_ClayProjections2026.pdf,season_projection
34,DeVonta Smith,WR,PHI,10,194.0,2,35.34,published,False,https://g.espncdn.com/s/ffldraftkit/26/NFLDK2026_CS_ClayProjections2026.pdf,season_projection
35,Breece Hall,RB,NYJ,13,247.0,2,36.34,published,False,https://g.espncdn.com/s/ffldraftkit/26/NFLDK2026_CS_ClayProjections2026.pdf,season_projection
36,Zay Flowers,WR,BAL,13,198.0,2,36.69,published,False,https://g.espncdn.com/s/ffldraftkit/26/NFLDK2026_CS_ClayProjections2026.pdf,season_projection
37,Tee Higgins,WR,CIN,6,182.5,2,37.95,published,False,https://g.espncdn.com/s/ffldraftkit/26/NFLDK2026_CS_ClayProjections2026.pdf,season_projection
38,Tetairoa McMillan,WR,CAR,5,198.5,2,38.16,published,False,https://g.espncdn.com/s/ffldraftkit/26/NFLDK2026_CS_ClayProjections2026.pdf,season_projection
39,Travis Etienne Jr.,RB,NO,8,219.5,2,40.51,published,False,https://g.espncdn.com/s/ffldraftkit/26/NFLDK2026_CS_ClayProjections2026.pdf,season_projection
40,Emeka Egbuka,WR,TB,10,194.0,2,41.2,published,False,https://g.espncdn.com/s/ffldraftkit/26/NFLDK2026_CS_ClayProjections2026.pdf,season_projection
41,Drake Maye,QB,NE,11,319.0,2,42.7,published,False,https://g.espncdn.com/s/ffldraftkit/26/NFLDK2026_CS_ClayProjections2026.pdf,season_projection
42,Colston Loveland,TE,CHI,10,166.0,2,43.01,published,False,https://g.espncdn.com/s/ffldraftkit/26/NFLDK2026_CS_ClayProjections2026.pdf,season_projection
43,Cam Skattebo,RB,NYG,8,217.5,2,44.43,published,False,https://g.espncdn.com/s/ffldraftkit/26/NFLDK2026_CS_ClayProjections2026.pdf,season_projection
44,Bucky Irving,RB,TB,10,189.5,2,47.03,published,False,https://g.espncdn.com/s/ffldraftkit/26/NFLDK2026_CS_ClayProjections2026.pdf,season_projection
45,Quinshon Judkins,RB,CLE,11,209.0,2,48.26,published,False,https://g.espncdn.com/s/ffldraftkit/26/NFLDK2026_CS_ClayProjections2026.pdf,season_projection
46,Garrett Wilson,WR,NYJ,13,198.0,2,49.33,published,False,https://g.espncdn.com/s/ffldraftkit/26/NFLDK2026_CS_ClayProjections2026.pdf,season_projection
47,Joe Burrow,QB,CIN,6,304.0,2,49.59,published,False,https://g.espncdn.com/s/ffldraftkit/26/NFLDK2026_CS_ClayProjections2026.pdf,season_projection
48,Luther Burden III,WR,CHI,10,168.5,2,51.68,published,False,https://g.espncdn.com/s/ffldraftkit/26/NFLDK2026_CS_ClayProjections2026.pdf,season_projection
49,David Montgomery,RB,HOU,8,176.5,2,52.78,published,False,https://g.espncdn.com/s/ffldraftkit/26/NFLDK2026_CS_ClayProjections2026.pdf,season_projection
50,D'Andre Swift,RB,CHI,10,197.0,2,52.8,published,False,https://g.espncdn.com/s/ffldraftkit/26/NFLDK2026_CS_ClayProjections2026.pdf,season_projection
51,Ladd McConkey,WR,LAC,7,180.0,2,52.82,published,False,https://g.espncdn.com/s/ffldraftkit/26/NFLDK2026_CS_ClayProjections2026.pdf,season_projection
52,TreVeyon Henderson,RB,NE,11,186.5,2,53.34,published,False,https://g.espncdn.com/s/ffldraftkit/26/NFLDK2026_CS_ClayProjections2026.pdf,season_projection
53,Jayden Daniels,QB,WAS,7,318.0,2,53.68,published,False,https://g.espncdn.com/s/ffldraftkit/26/NFLDK2026_CS_ClayProjections2026.pdf,season_projection
54,Davante Adams,WR,LAR,11,199.0,2,54.23,published,False,https://g.espncdn.com/s/ffldraftkit/26/NFLDK2026_CS_ClayProjections2026.pdf,season_projection
55,Jaylen Waddle,WR,DEN,10,174.5,2,54.55,published,False,https://g.espncdn.com/s/ffldraftkit/26/NFLDK2026_CS_ClayProjections2026.pdf,season_projection
56,Bhayshul Tuten,RB,JAX,7,188.0,2,55.69,published,False,https://g.espncdn.com/s/ffldraftkit/26/NFLDK2026_CS_ClayProjections2026.pdf,season_projection
57,Terry McLaurin,WR,WAS,7,178.0,2,56.52,published,False,https://g.espncdn.com/s/ffldraftkit/26/NFLDK2026_CS_ClayProjections2026.pdf,season_projection
58,DJ Moore,WR,BUF,7,176.5,2,59.77,published,False,https://g.espncdn.com/s/ffldraftkit/26/NFLDK2026_CS_ClayProjections2026.pdf,season_projection
59,Tyler Warren,TE,IND,13,165.0,2,60.21,published,False,https://g.espncdn.com/s/ffldraftkit/26/NFLDK2026_CS_ClayProjections2026.pdf,season_projection
60,Jameson Williams,WR,DET,6,177.0,2,61.66,published,False,https://g.espncdn.com/s/ffldraftkit/26/NFLDK2026_CS_ClayProjections2026.pdf,season_projection
61,Christian Watson,WR,GB,11,158.5,3,62.36,published,False,https://g.espncdn.com/s/ffldraftkit/26/NFLDK2026_CS_ClayProjections2026.pdf,season_projection
62,Jadarian Price,RB,SEA,11,180.5,3,62.38,published,False,https://g.espncdn.com/s/ffldraftkit/26/NFLDK2026_CS_ClayProjections2026.pdf,season_projection
63,Jalen Hurts,QB,PHI,10,321.0,3,62.55,published,False,https://g.espncdn.com/s/ffldraftkit/26/NFLDK2026_CS_ClayProjections2026.pdf,season_projection
64,Mike Evans,WR,SF,8,154.5,3,65.24,published,False,https://g.espncdn.com/s/ffldraftkit/26/NFLDK2026_CS_ClayProjections2026.pdf,season_projection
65,Jaylen Warren,RB,PIT,9,168.0,3,68.13,published,False,https://g.espncdn.com/s/ffldraftkit/26/NFLDK2026_CS_ClayProjections2026.pdf,season_projection
66,Rome Odunze,WR,CHI,10,183.5,3,69.2,published,False,https://g.espncdn.com/s/ffldraftkit/26/NFLDK2026_CS_ClayProjections2026.pdf,season_projection
67,Caleb Williams,QB,CHI,10,282.0,3,69.73,published,False,https://g.espncdn.com/s/ffldraftkit/26/NFLDK2026_CS_ClayProjections2026.pdf,season_projection
68,Tony Pollard,RB,TEN,9,175.0,3,70.51,published,False,https://g.espncdn.com/s/ffldraftkit/26/NFLDK2026_CS_ClayProjections2026.pdf,season_projection
69,Tucker Kraft,TE,GB,11,138.0,3,71.21,published,False,https://g.espncdn.com/s/ffldraftkit/26/NFLDK2026_CS_ClayProjections2026.pdf,season_projection
70,Rhamondre Stevenson,RB,NE,11,172.0,3,72.04,published,False,https://g.espncdn.com/s/ffldraftkit/26/NFLDK2026_CS_ClayProjections2026.pdf,season_projection
71,RJ Harvey,RB,DEN,10,142.5,3,72.93,published,False,https://g.espncdn.com/s/ffldraftkit/26/NFLDK2026_CS_ClayProjections2026.pdf,season_projection
72,Rico Dowdle,RB,PIT,9,170.5,3,73.96,published,False,https://g.espncdn.com/s/ffldraftkit/26/NFLDK2026_CS_ClayProjections2026.pdf,season_projection
73,Chuba Hubbard,RB,CAR,5,162.5,3,74.32,published,False,https://g.espncdn.com/s/ffldraftkit/26/NFLDK2026_CS_ClayProjections2026.pdf,season_projection
74,J.K. Dobbins,RB,DEN,10,163.5,3,76.62,published,False,https://g.espncdn.com/s/ffldraftkit/26/NFLDK2026_CS_ClayProjections2026.pdf,season_projection
75,Carnell Tate,WR,TEN,9,172.0,3,77.66,published,False,https://g.espncdn.com/s/ffldraftkit/26/NFLDK2026_CS_ClayProjections2026.pdf,season_projection
76,Justin Herbert,QB,LAC,7,282.0,3,77.69,published,False,https://g.espncdn.com/s/ffldraftkit/26/NFLDK2026_CS_ClayProjections2026.pdf,season_projection
77,Kyle Monangai,RB,CHI,10,163.0,3,80.51,published,False,https://g.espncdn.com/s/ffldraftkit/26/NFLDK2026_CS_ClayProjections2026.pdf,season_projection
78,Blake Corum,RB,LAR,11,150.5,3,82.03,published,False,https://g.espncdn.com/s/ffldraftkit/26/NFLDK2026_CS_ClayProjections2026.pdf,season_projection
79,Brian Thomas Jr.,WR,JAX,7,147.5,3,82.37,published,False,https://g.espncdn.com/s/ffldraftkit/26/NFLDK2026_CS_ClayProjections2026.pdf,season_projection
80,Marvin Harrison Jr.,WR,ARI,14,159.5,3,83.96,published,False,https://g.espncdn.com/s/ffldraftkit/26/NFLDK2026_CS_ClayProjections2026.pdf,season_projection
81,Harold Fannin Jr.,TE,CLE,11,145.5,3,84.89,published,False,https://g.espncdn.com/s/ffldraftkit/26/NFLDK2026_CS_ClayProjections2026.pdf,season_projection
82,Trevor Lawrence,QB,JAX,7,287.0,3,84.93,published,False,https://g.espncdn.com/s/ffldraftkit/26/NFLDK2026_CS_ClayProjections2026.pdf,season_projection
83,Alec Pierce,WR,IND,13,169.5,3,88.21,published,False,https://g.espncdn.com/s/ffldraftkit/26/NFLDK2026_CS_ClayProjections2026.pdf,season_projection
84,DK Metcalf,WR,PIT,9,162.5,3,90.71,published,False,https://g.espncdn.com/s/ffldraftkit/26/NFLDK2026_CS_ClayProjections2026.pdf,season_projection
85,Courtland Sutton,WR,DEN,10,169.5,3,91.01,published,False,https://g.espncdn.com/s/ffldraftkit/26/NFLDK2026_CS_ClayProjections2026.pdf,season_projection
86,Michael Wilson,WR,ARI,14,141.5,3,91.37,published,False,https://g.espncdn.com/s/ffldraftkit/26/NFLDK2026_CS_ClayProjections2026.pdf,season_projection
87,Jacory Croskey-Merritt,RB,WAS,7,144.5,3,92.77,published,False,https://g.espncdn.com/s/ffldraftkit/26/NFLDK2026_CS_ClayProjections2026.pdf,season_projection
88,Kenny Gainwell,RB,TB,10,152.0,3,93.38,published,False,https://g.espncdn.com/s/ffldraftkit/26/NFLDK2026_CS_ClayProjections2026.pdf,season_projection
89,Jordyn Tyson,WR,NO,8,154.0,3,94.07,published,False,https://g.espncdn.com/s/ffldraftkit/26/NFLDK2026_CS_ClayProjections2026.pdf,season_projection
90,Jonathon Brooks,RB,CAR,5,146.5,3,94.51,published,False,https://g.espncdn.com/s/ffldraftkit/26/NFLDK2026_CS_ClayProjections2026.pdf,season_projection
91,Jordan Mason,RB,MIN,6,123.5,3,94.61,published,False,https://g.espncdn.com/s/ffldraftkit/26/NFLDK2026_CS_ClayProjections2026.pdf,season_projection
92,Aaron Jones Sr.,RB,MIN,6,165.5,3,94.72,published,False,https://g.espncdn.com/s/ffldraftkit/26/NFLDK2026_CS_ClayProjections2026.pdf,season_projection
93,Parker Washington,WR,JAX,7,155.0,3,94.86,published,False,https://g.espncdn.com/s/ffldraftkit/26/NFLDK2026_CS_ClayProjections2026.pdf,season_projection
94,Dak Prescott,QB,DAL,14,287.0,3,97.41,published,False,https://g.espncdn.com/s/ffldraftkit/26/NFLDK2026_CS_ClayProjections2026.pdf,season_projection
95,Rachaad White,RB,WAS,7,150.5,3,98.58,published,False,https://g.espncdn.com/s/ffldraftkit/26/NFLDK2026_CS_ClayProjections2026.pdf,season_projection
96,Kyle Pitts Sr.,TE,ATL,11,145.0,3,100.01,published,False,https://g.espncdn.com/s/ffldraftkit/26/NFLDK2026_CS_ClayProjections2026.pdf,season_projection
97,Sam LaPorta,TE,DET,6,150.0,3,102.81,published,False,https://g.espncdn.com/s/ffldraftkit/26/NFLDK2026_CS_ClayProjections2026.pdf,season_projection
98,Chris Godwin Jr.,WR,TB,10,128.0,3,104.31,published,False,https://g.espncdn.com/s/ffldraftkit/26/NFLDK2026_CS_ClayProjections2026.pdf,season_projection
99,Quentin Johnston,WR,LAC,7,138.5,3,107.04,published,False,https://g.espncdn.com/s/ffldraftkit/26/NFLDK2026_CS_ClayProjections2026.pdf,season_projection
100,Makai Lemon,WR,PHI,10,143.5,3,108.58,published,False,https://g.espncdn.com/s/ffldraftkit/26/NFLDK2026_CS_ClayProjections2026.pdf,season_projection
101,Jaxson Dart,QB,NYG,8,301.0,4,109.87,published,False,https://g.espncdn.com/s/ffldraftkit/26/NFLDK2026_CS_ClayProjections2026.pdf,season_projection
102,Woody Marks,RB,HOU,8,116.0,4,112.24,published,False,https://g.espncdn.com/s/ffldraftkit/26/NFLDK2026_CS_ClayProjections2026.pdf,season_projection
103,Tyler Allgeier,RB,ARI,14,82.0,4,113.83,published,False,https://g.espncdn.com/s/ffldraftkit/26/NFLDK2026_CS_ClayProjections2026.pdf,season_projection
104,Jordan Addison,WR,MIN,6,140.0,4,115.43,published,False,https://g.espncdn.com/s/ffldraftkit/26/NFLDK2026_CS_ClayProjections2026.pdf,season_projection
105,Jakobi Meyers,WR,JAX,7,147.0,4,115.53,published,False,https://g.espncdn.com/s/ffldraftkit/26/NFLDK2026_CS_ClayProjections2026.pdf,season_projection
106,Chris Rodriguez Jr.,RB,JAX,7,69.0,4,117.84,published,False,https://g.espncdn.com/s/ffldraftkit/26/NFLDK2026_CS_ClayProjections2026.pdf,season_projection
107,Michael Pittman Jr.,WR,PIT,9,153.0,4,118.31,published,False,https://g.espncdn.com/s/ffldraftkit/26/NFLDK2026_CS_ClayProjections2026.pdf,season_projection
108,Zach Charbonnet,RB,SEA,11,124.0,4,118.52,published,False,https://g.espncdn.com/s/ffldraftkit/26/NFLDK2026_CS_ClayProjections2026.pdf,season_projection
109,Wan'Dale Robinson,WR,TEN,9,134.5,4,120.85,published,False,https://g.espncdn.com/s/ffldraftkit/26/NFLDK2026_CS_ClayProjections2026.pdf,season_projection
110,Tyrone Tracy Jr.,RB,NYG,8,79.0,4,121.03,published,False,https://g.espncdn.com/s/ffldraftkit/26/NFLDK2026_CS_ClayProjections2026.pdf,season_projection
111,Jayden Reed,WR,GB,11,139.5,4,123.32,published,False,https://g.espncdn.com/s/ffldraftkit/26/NFLDK2026_CS_ClayProjections2026.pdf,season_projection
113,Brian Robinson Jr.,RB,ATL,11,89.5,4,132.74,published,False,https://g.espncdn.com/s/ffldraftkit/26/NFLDK2026_CS_ClayProjections2026.pdf,season_projection
114,Xavier Worthy,WR,KC,5,145.5,4,133.11,published,False,https://g.espncdn.com/s/ffldraftkit/26/NFLDK2026_CS_ClayProjections2026.pdf,season_projection
115,Josh Downs,WR,IND,13,133.5,4,135.46,published,False,https://g.espncdn.com/s/ffldraftkit/26/NFLDK2026_CS_ClayProjections2026.pdf,season_projection
117,George Kittle,TE,SF,8,142.0,4,139.57,published,False,https://g.espncdn.com/s/ffldraftkit/26/NFLDK2026_CS_ClayProjections2026.pdf,season_projection
118,Alvin Kamara,RB,NO,8,109.5,4,139.79,published,False,https://g.espncdn.com/s/ffldraftkit/26/NFLDK2026_CS_ClayProjections2026.pdf,season_projection
119,Dalton Kincaid,TE,BUF,7,126.5,4,143.06,published,False,https://g.espncdn.com/s/ffldraftkit/26/NFLDK2026_CS_ClayProjections2026.pdf,season_projection
121,Isiah Pacheco,RB,DET,6,115.5,4,146.22,published,False,https://g.espncdn.com/s/ffldraftkit/26/NFLDK2026_CS_ClayProjections2026.pdf,season_projection
123,Brock Purdy,QB,SF,8,292.0,4,147.76,published,False,https://g.espncdn.com/s/ffldraftkit/26/NFLDK2026_CS_ClayProjections2026.pdf,season_projection
124,Tank Bigsby,RB,PHI,10,62.0,4,150.23,published,False,https://g.espncdn.com/s/ffldraftkit/26/NFLDK2026_CS_ClayProjections2026.pdf,season_projection
125,Romeo Doubs,WR,NE,11,132.0,4,150.33,published,False,https://g.espncdn.com/s/ffldraftkit/26/NFLDK2026_CS_ClayProjections2026.pdf,season_projection
126,Keaton Mitchell,RB,LAC,7,58.0,4,151.86,published,False,https://g.espncdn.com/s/ffldraftkit/26/NFLDK2026_CS_ClayProjections2026.pdf,season_projection
127,Tyjae Spears,RB,TEN,9,124.0,4,152.4,published,False,https://g.espncdn.com/s/ffldraftkit/26/NFLDK2026_CS_ClayProjections2026.pdf,season_projection
129,Jayden Higgins,WR,HOU,8,113.5,4,156.68,published,False,https://g.espncdn.com/s/ffldraftkit/26/NFLDK2026_CS_ClayProjections2026.pdf,season_projection
130,Brandon Aubrey,K,DAL,14,153.0,4,158.09,published,False,https://www.fantasypros.com/nfl/projections/k.php?week=draft,season_projection
131,Patrick Mahomes II,QB,KC,5,290.0,4,159.09,published,False,https://g.espncdn.com/s/ffldraftkit/26/NFLDK2026_CS_ClayProjections2026.pdf,season_projection
132,Jonah Coleman,RB,DEN,10,34.5,4,161.2,published,False,https://g.espncdn.com/s/ffldraftkit/26/NFLDK2026_CS_ClayProjections2026.pdf,season_projection
135,Isaiah Likely,TE,NYG,8,124.0,4,164.7,published,False,https://g.espncdn.com/s/ffldraftkit/26/NFLDK2026_CS_ClayProjections2026.pdf,season_projection
136,Cameron Dicker,K,LAC,7,144.1,4,168.35,published,False,https://www.fantasypros.com/nfl/projections/k.php?week=draft,season_projection
137,KC Concepcion,WR,CLE,11,131.5,4,169.01,published,False,https://g.espncdn.com/s/ffldraftkit/26/NFLDK2026_CS_ClayProjections2026.pdf,season_projection
138,Travis Kelce,TE,KC,5,140.0,4,169.42,published,False,https://g.espncdn.com/s/ffldraftkit/26/NFLDK2026_CS_ClayProjections2026.pdf,season_projection
139,Dylan Sampson,RB,CLE,11,72.0,4,170.1,published,False,https://g.espncdn.com/s/ffldraftkit/26/NFLDK2026_CS_ClayProjections2026.pdf,season_projection
140,Ka'imi Fairbairn,K,HOU,8,144.5,4,170.83,published,False,https://www.fantasypros.com/nfl/projections/k.php?week=draft,season_projection
141,Jason Myers,K,SEA,11,150.4,4,172.5,published,False,https://www.fantasypros.com/nfl/projections/k.php?week=draft,season_projection
143,Khalil Shakir,WR,BUF,7,136.0,4,173.13,published,False,https://g.espncdn.com/s/ffldraftkit/26/NFLDK2026_CS_ClayProjections2026.pdf,season_projection
144,Matthew Golden,WR,GB,11,152.5,4,173.61,published,False,https://g.espncdn.com/s/ffldraftkit/26/NFLDK2026_CS_ClayProjections2026.pdf,season_projection
147,Rashid Shaheed,WR,SEA,11,122.5,4,178.98,published,False,https://g.espncdn.com/s/ffldraftkit/26/NFLDK2026_CS_ClayProjections2026.pdf,season_projection
148,Jalen Coker,WR,CAR,5,118.5,4,179.08,published,False,https://g.espncdn.com/s/ffldraftkit/26/NFLDK2026_CS_ClayProjections2026.pdf,season_projection
149,Bo Nix,QB,DEN,10,295.0,4,180.7,published,False,https://g.espncdn.com/s/ffldraftkit/26/NFLDK2026_CS_ClayProjections2026.pdf,season_projection
150,Matthew Stafford,QB,LAR,11,293.0,4,186.28,published,False,https://g.espncdn.com/s/ffldraftkit/26/NFLDK2026_CS_ClayProjections2026.pdf,season_projection
151,Eddy Pineiro,K,SF,8,132.6,4,187.2,published,False,https://www.fantasypros.com/nfl/projections/k.php?week=draft,season_projection
152,Braelon Allen,RB,NYJ,13,69.5,4,187.33,published,False,https://g.espncdn.com/s/ffldraftkit/26/NFLDK2026_CS_ClayProjections2026.pdf,season_projection
154,Stefon Diggs,WR,,N/A,98.0,4,190.95,adp_estimate,False,Local ADP estimate,season_projection
155,Deebo Samuel Sr.,WR,SF,8,144.5,4,192.77,published,False,https://g.espncdn.com/s/ffldraftkit/26/NFLDK2026_CS_ClayProjections2026.pdf,season_projection
156,Mark Andrews,TE,BAL,13,141.0,4,195.98,published,False,https://g.espncdn.com/s/ffldraftkit/26/NFLDK2026_CS_ClayProjections2026.pdf,season_projection
158,Jauan Jennings,WR,MIN,6,92.0,4,197.43,published,False,https://g.espncdn.com/s/ffldraftkit/26/NFLDK2026_CS_ClayProjections2026.pdf,season_projection
159,James Conner,RB,ARI,14,55.0,4,201.18,adp_estimate,False,Local ADP estimate,season_projection
160,Dallas Goedert,TE,PHI,10,142.0,4,203.73,published,False,https://g.espncdn.com/s/ffldraftkit/26/NFLDK2026_CS_ClayProjections2026.pdf,season_projection
162,Emanuel Wilson,RB,SEA,11,9.5,5,217.42,published,False,https://g.espncdn.com/s/ffldraftkit/26/NFLDK2026_CS_ClayProjections2026.pdf,season_projection
163,Jared Goff,QB,DET,6,268.0,5,219.32,published,False,https://g.espncdn.com/s/ffldraftkit/26/NFLDK2026_CS_ClayProjections2026.pdf,season_projection
164,Jerry Jeudy,WR,CLE,11,112.5,5,220.07,published,False,https://g.espncdn.com/s/ffldraftkit/26/NFLDK2026_CS_ClayProjections2026.pdf,season_projection
165,Sean Tucker,RB,TB,10,36.0,5,220.16,published,False,https://g.espncdn.com/s/ffldraftkit/26/NFLDK2026_CS_ClayProjections2026.pdf,season_projection
166,Emmett Johnson,RB,KC,5,42.0,5,220.21,published,False,https://g.espncdn.com/s/ffldraftkit/26/NFLDK2026_CS_ClayProjections2026.pdf,season_projection
167,Harrison Mevis,K,LAR,11,136.9,5,221.18,published,False,https://www.fantasypros.com/nfl/projections/k.php?week=draft,season_projection
168,Denver Broncos D/ST,DST,DEN,10,8.3,5,,published,False,https://www.fantasypros.com/nfl/projections/dst.php?week=1,week_1_matchup_projection
169,Kimani Vidal,RB,LAC,7,35.0,5,228.03,published,False,https://g.espncdn.com/s/ffldraftkit/26/NFLDK2026_CS_ClayProjections2026.pdf,season_projection
171,Jake Ferguson,TE,DAL,14,130.5,5,231.83,published,False,https://g.espncdn.com/s/ffldraftkit/26/NFLDK2026_CS_ClayProjections2026.pdf,season_projection
171,Washington Commanders D/ST,DST,WAS,7,8.0,5,,published,False,https://www.fantasypros.com/nfl/projections/dst.php?week=1,week_1_matchup_projection
172,Omar Cooper Jr.,WR,NYJ,13,85.0,5,234.31,published,False,https://g.espncdn.com/s/ffldraftkit/26/NFLDK2026_CS_ClayProjections2026.pdf,season_projection
173,Denzel Boston,WR,CLE,11,106.0,5,234.78,published,False,https://g.espncdn.com/s/ffldraftkit/26/NFLDK2026_CS_ClayProjections2026.pdf,season_projection
174,Mike Washington Jr.,RB,LV,13,61.0,5,235.17,published,False,https://g.espncdn.com/s/ffldraftkit/26/NFLDK2026_CS_ClayProjections2026.pdf,season_projection
174,Los Angeles Rams D/ST,DST,LAR,11,7.8,5,,published,False,https://www.fantasypros.com/nfl/projections/dst.php?week=1,week_1_matchup_projection
175,Ray Davis,RB,BUF,7,34.0,5,235.5,published,False,https://g.espncdn.com/s/ffldraftkit/26/NFLDK2026_CS_ClayProjections2026.pdf,season_projection
176,Jalen McMillan,WR,TB,10,109.5,5,238.28,published,False,https://g.espncdn.com/s/ffldraftkit/26/NFLDK2026_CS_ClayProjections2026.pdf,season_projection
177,Pittsburgh Steelers D/ST,DST,PIT,9,7.6,5,,published,False,https://www.fantasypros.com/nfl/projections/dst.php?week=1,week_1_matchup_projection
178,Jake Bates,K,DET,6,135.9,5,242.18,published,False,https://www.fantasypros.com/nfl/projections/k.php?week=draft,season_projection
179,Adonai Mitchell,WR,NYJ,13,104.0,5,242.81,published,False,https://g.espncdn.com/s/ffldraftkit/26/NFLDK2026_CS_ClayProjections2026.pdf,season_projection
180,Mike Gesicki,TE,CIN,6,87.0,5,,published,False,https://g.espncdn.com/s/ffldraftkit/26/NFLDK2026_CS_ClayProjections2026.pdf,season_projection
180,Nicholas Singleton,RB,TEN,9,18.0,5,243.96,published,False,https://g.espncdn.com/s/ffldraftkit/26/NFLDK2026_CS_ClayProjections2026.pdf,season_projection
180,Cincinnati Bengals D/ST,DST,CIN,6,7.2,5,,published,False,https://www.fantasypros.com/nfl/projections/dst.php?week=1,week_1_matchup_projection
181,Kyler Murray,QB,MIN,6,251.0,5,246.41,published,False,https://g.espncdn.com/s/ffldraftkit/26/NFLDK2026_CS_ClayProjections2026.pdf,season_projection
182,Cairo Santos,K,CHI,10,132.9,5,246.48,published,False,https://www.fantasypros.com/nfl/projections/k.php?week=draft,season_projection
183,Oronde Gadsden II,TE,LAC,7,85.0,5,246.52,published,False,https://g.espncdn.com/s/ffldraftkit/26/NFLDK2026_CS_ClayProjections2026.pdf,season_projection
183,Arizona Cardinals D/ST,DST,ARI,14,7.2,5,,published,False,https://www.fantasypros.com/nfl/projections/dst.php?week=1,week_1_matchup_projection
184,Jalen Nailor,WR,LV,13,102.0,5,253.28,published,False,https://g.espncdn.com/s/ffldraftkit/26/NFLDK2026_CS_ClayProjections2026.pdf,season_projection
185,Travis Hunter,WR,JAX,7,91.0,5,253.7,published,False,https://g.espncdn.com/s/ffldraftkit/26/NFLDK2026_CS_ClayProjections2026.pdf,season_projection
186,Kaytron Allen,RB,WAS,7,14.0,5,254.2,published,False,https://g.espncdn.com/s/ffldraftkit/26/NFLDK2026_CS_ClayProjections2026.pdf,season_projection
186,Philadelphia Eagles D/ST,DST,PHI,10,7.1,5,,published,False,https://www.fantasypros.com/nfl/projections/dst.php?week=1,week_1_matchup_projection
187,Jordan Love,QB,GB,11,259.0,5,259.3,published,False,https://g.espncdn.com/s/ffldraftkit/26/NFLDK2026_CS_ClayProjections2026.pdf,season_projection
187,Geno Smith,QB,NYJ,13,232.0,5,,published,False,https://g.espncdn.com/s/ffldraftkit/26/NFLDK2026_CS_ClayProjections2026.pdf,season_projection
188,De'Zhaun Stribling,WR,SF,8,92.0,5,261.14,published,False,https://g.espncdn.com/s/ffldraftkit/26/NFLDK2026_CS_ClayProjections2026.pdf,season_projection
189,Chicago Bears D/ST,DST,CHI,10,7.0,5,,published,False,https://www.fantasypros.com/nfl/projections/dst.php?week=1,week_1_matchup_projection
190,MarShawn Lloyd,RB,GB,11,59.0,5,261.57,published,False,https://g.espncdn.com/s/ffldraftkit/26/NFLDK2026_CS_ClayProjections2026.pdf,season_projection
191,Kayshon Boutte,WR,NE,11,64.5,5,262.9,published,False,https://g.espncdn.com/s/ffldraftkit/26/NFLDK2026_CS_ClayProjections2026.pdf,season_projection
192,Tre Tucker,WR,LV,13,114.0,5,263.77,published,False,https://g.espncdn.com/s/ffldraftkit/26/NFLDK2026_CS_ClayProjections2026.pdf,season_projection
192,Minnesota Vikings D/ST,DST,MIN,6,6.9,5,,published,False,https://www.fantasypros.com/nfl/projections/dst.php?week=1,week_1_matchup_projection
193,Hunter Henry,TE,NE,11,122.0,5,263.79,published,False,https://g.espncdn.com/s/ffldraftkit/26/NFLDK2026_CS_ClayProjections2026.pdf,season_projection
194,Cameron Ward,QB,TEN,9,219.0,5,,published,False,https://g.espncdn.com/s/ffldraftkit/26/NFLDK2026_CS_ClayProjections2026.pdf,season_projection
194,Calvin Ridley,WR,TEN,9,121.0,5,264.06,published,False,https://g.espncdn.com/s/ffldraftkit/26/NFLDK2026_CS_ClayProjections2026.pdf,season_projection
195,Tyreek Hill,WR,,N/A,64.4,5,264.42,adp_estimate,False,Local ADP estimate,season_projection
195,San Francisco 49ers D/ST,DST,SF,8,6.8,5,,published,False,https://www.fantasypros.com/nfl/projections/dst.php?week=1,week_1_matchup_projection
196,Baker Mayfield,QB,TB,10,265.0,5,265.16,published,False,https://g.espncdn.com/s/ffldraftkit/26/NFLDK2026_CS_ClayProjections2026.pdf,season_projection
200,Tyler Shough,QB,NO,8,265.0,5,273.31,published,False,https://g.espncdn.com/s/ffldraftkit/26/NFLDK2026_CS_ClayProjections2026.pdf,season_projection
201,Blake Grupe,K,IND,13,133.4,5,,published,False,https://www.fantasypros.com/nfl/projections/k.php?week=draft,season_projection
201,Antonio Williams,WR,WAS,7,95.0,5,273.8,published,False,https://g.espncdn.com/s/ffldraftkit/26/NFLDK2026_CS_ClayProjections2026.pdf,season_projection
202,Juwan Johnson,TE,NO,8,111.0,5,274.2,published,False,https://g.espncdn.com/s/ffldraftkit/26/NFLDK2026_CS_ClayProjections2026.pdf,season_projection
203,Tre Harris,WR,LAC,7,72.5,5,,published,False,https://g.espncdn.com/s/ffldraftkit/26/NFLDK2026_CS_ClayProjections2026.pdf,season_projection
203,Chig Okonkwo,TE,WAS,7,94.5,5,279.22,published,False,https://g.espncdn.com/s/ffldraftkit/26/NFLDK2026_CS_ClayProjections2026.pdf,season_projection
204,Brenton Strange,TE,JAX,7,112.5,5,279.23,published,False,https://g.espncdn.com/s/ffldraftkit/26/NFLDK2026_CS_ClayProjections2026.pdf,season_projection
204,Michael Mayer,TE,LV,13,62.5,5,,published,False,https://g.espncdn.com/s/ffldraftkit/26/NFLDK2026_CS_ClayProjections2026.pdf,season_projection
205,Jaylen Wright,RB,MIA,6,39.5,5,279.65,published,False,https://g.espncdn.com/s/ffldraftkit/26/NFLDK2026_CS_ClayProjections2026.pdf,season_projection
206,Justice Hill,RB,BAL,13,94.5,5,280.06,published,False,https://g.espncdn.com/s/ffldraftkit/26/NFLDK2026_CS_ClayProjections2026.pdf,season_projection
207,Trey Benson,RB,ARI,14,35.0,5,282.7,adp_estimate,False,Local ADP estimate,season_projection
210,Ja'Tavion Sanders,TE,CAR,5,60.5,5,,published,False,https://g.espncdn.com/s/ffldraftkit/26/NFLDK2026_CS_ClayProjections2026.pdf,season_projection
210,Jaydon Blue,RB,DAL,14,42.5,5,283.79,published,False,https://g.espncdn.com/s/ffldraftkit/26/NFLDK2026_CS_ClayProjections2026.pdf,season_projection
211,Dyami Brown,WR,WAS,7,70.0,5,,published,False,https://g.espncdn.com/s/ffldraftkit/26/NFLDK2026_CS_ClayProjections2026.pdf,season_projection
211,Tre' Harris,WR,LAC,7,59.6,5,283.81,adp_estimate,False,Local ADP estimate,season_projection
212,Chase McLaughlin,K,TB,10,132.9,5,284.67,published,False,https://www.fantasypros.com/nfl/projections/k.php?week=draft,season_projection
213,Malik Willis,QB,MIA,6,237.0,5,285.73,published,False,https://g.espncdn.com/s/ffldraftkit/26/NFLDK2026_CS_ClayProjections2026.pdf,season_projection
214,Ollie Gordon II,RB,MIA,6,33.0,5,286.45,published,False,https://g.espncdn.com/s/ffldraftkit/26/NFLDK2026_CS_ClayProjections2026.pdf,season_projection
215,Kaelon Black,RB,SF,8,27.0,5,288.9,published,False,https://g.espncdn.com/s/ffldraftkit/26/NFLDK2026_CS_ClayProjections2026.pdf,season_projection
216,Ryan Flournoy,WR,DAL,14,73.0,5,289.75,published,False,https://g.espncdn.com/s/ffldraftkit/26/NFLDK2026_CS_ClayProjections2026.pdf,season_projection
217,Demond Claiborne,RB,MIN,6,21.5,5,290.05,published,False,https://g.espncdn.com/s/ffldraftkit/26/NFLDK2026_CS_ClayProjections2026.pdf,season_projection
218,Brandon Aiyuk,WR,SF,8,54.8,5,290.77,adp_estimate,False,Local ADP estimate,season_projection
219,Isaac TeSlaa,WR,DET,6,61.0,5,290.97,published,False,https://g.espncdn.com/s/ffldraftkit/26/NFLDK2026_CS_ClayProjections2026.pdf,season_projection
220,Deshaun Watson,QB,CLE,11,124.0,5,,published,False,https://g.espncdn.com/s/ffldraftkit/26/NFLDK2026_CS_ClayProjections2026.pdf,season_projection
220,George Holani,RB,SEA,11,37.0,5,291.55,published,False,https://g.espncdn.com/s/ffldraftkit/26/NFLDK2026_CS_ClayProjections2026.pdf,season_projection
221,Treylon Burks,WR,WAS,7,67.0,5,,published,False,https://g.espncdn.com/s/ffldraftkit/26/NFLDK2026_CS_ClayProjections2026.pdf,season_projection
226,Tank Dell,WR,HOU,8,86.0,5,293.29,published,False,https://g.espncdn.com/s/ffldraftkit/26/NFLDK2026_CS_ClayProjections2026.pdf,season_projection
227,Malik Washington,WR,MIA,6,85.5,5,293.46,published,False,https://g.espncdn.com/s/ffldraftkit/26/NFLDK2026_CS_ClayProjections2026.pdf,season_projection
228,Dawson Knox,TE,BUF,7,55.5,5,,published,False,https://g.espncdn.com/s/ffldraftkit/26/NFLDK2026_CS_ClayProjections2026.pdf,season_projection
228,Austin Ekeler,RB,,N/A,35.0,5,293.7,adp_estimate,False,Local ADP estimate,season_projection
229,Jordan James,RB,SF,8,57.0,5,293.83,published,False,https://g.espncdn.com/s/ffldraftkit/26/NFLDK2026_CS_ClayProjections2026.pdf,season_projection
230,Devin Neal,RB,NO,8,35.0,5,294.04,adp_estimate,False,Local ADP estimate,season_projection
231,Troy Franklin,WR,DEN,10,42.5,5,294.35,published,False,https://g.espncdn.com/s/ffldraftkit/26/NFLDK2026_CS_ClayProjections2026.pdf,season_projection
231,Andrei Iosivas,WR,CIN,6,63.5,5,,published,False,https://g.espncdn.com/s/ffldraftkit/26/NFLDK2026_CS_ClayProjections2026.pdf,season_projection
232,Jaylin Noel,WR,HOU,8,61.5,5,294.78,published,False,https://g.espncdn.com/s/ffldraftkit/26/NFLDK2026_CS_ClayProjections2026.pdf,season_projection
232,Michael Penix Jr.,QB,ATL,11,114.0,5,,published,False,https://g.espncdn.com/s/ffldraftkit/26/NFLDK2026_CS_ClayProjections2026.pdf,season_projection
233,Zachariah Branch,WR,ATL,11,82.0,5,295.0,published,False,https://g.espncdn.com/s/ffldraftkit/26/NFLDK2026_CS_ClayProjections2026.pdf,season_projection
234,Darnell Mooney,WR,NYG,8,76.5,5,295.19,published,False,https://g.espncdn.com/s/ffldraftkit/26/NFLDK2026_CS_ClayProjections2026.pdf,season_projection
234,Will Shipley,RB,PHI,10,22.5,5,,published,False,https://g.espncdn.com/s/ffldraftkit/26/NFLDK2026_CS_ClayProjections2026.pdf,season_projection
235,Dalton Schultz,TE,HOU,8,103.5,5,295.25,published,False,https://g.espncdn.com/s/ffldraftkit/26/NFLDK2026_CS_ClayProjections2026.pdf,season_projection
236,Kaleb Johnson,RB,PIT,9,5.0,5,295.25,published,False,https://g.espncdn.com/s/ffldraftkit/26/NFLDK2026_CS_ClayProjections2026.pdf,season_projection
237,Dontayvion Wicks,WR,PHI,10,54.0,5,295.29,published,False,https://g.espncdn.com/s/ffldraftkit/26/NFLDK2026_CS_ClayProjections2026.pdf,season_projection
238,Sam Darnold,QB,SEA,11,242.0,5,295.6,published,False,https://g.espncdn.com/s/ffldraftkit/26/NFLDK2026_CS_ClayProjections2026.pdf,season_projection
239,C.J. Stroud,QB,HOU,8,246.0,5,295.63,published,False,https://g.espncdn.com/s/ffldraftkit/26/NFLDK2026_CS_ClayProjections2026.pdf,season_projection
239,Shedeur Sanders,QB,CLE,11,96.0,5,,published,False,https://g.espncdn.com/s/ffldraftkit/26/NFLDK2026_CS_ClayProjections2026.pdf,season_projection
240,Malachi Fields,WR,NYG,8,27.5,5,295.85,published,False,https://g.espncdn.com/s/ffldraftkit/26/NFLDK2026_CS_ClayProjections2026.pdf,season_projection
240,Hunter Luepke,RB,DAL,14,20.5,5,,published,False,https://g.espncdn.com/s/ffldraftkit/26/NFLDK2026_CS_ClayProjections2026.pdf,season_projection
241,Kenyon Sadiq,TE,NYJ,13,128.5,5,295.94,published,False,https://g.espncdn.com/s/ffldraftkit/26/NFLDK2026_CS_ClayProjections2026.pdf,season_projection
242,Malik Davis,RB,DAL,14,34.0,5,295.99,published,False,https://g.espncdn.com/s/ffldraftkit/26/NFLDK2026_CS_ClayProjections2026.pdf,season_projection
244,Rashod Bateman,WR,BAL,13,104.0,5,296.08,published,False,https://g.espncdn.com/s/ffldraftkit/26/NFLDK2026_CS_ClayProjections2026.pdf,season_projection
244,Savion Williams,WR,GB,11,58.0,5,,published,False,https://g.espncdn.com/s/ffldraftkit/26/NFLDK2026_CS_ClayProjections2026.pdf,season_projection
245,AJ Barner,TE,SEA,11,91.5,5,296.25,published,False,https://g.espncdn.com/s/ffldraftkit/26/NFLDK2026_CS_ClayProjections2026.pdf,season_projection
246,Emari Demercado,RB,KC,5,55.0,5,296.33,published,False,https://g.espncdn.com/s/ffldraftkit/26/NFLDK2026_CS_ClayProjections2026.pdf,season_projection
246,Tommy Tremble,TE,CAR,5,49.0,5,,published,False,https://g.espncdn.com/s/ffldraftkit/26/NFLDK2026_CS_ClayProjections2026.pdf,season_projection
247,Samaje Perine,RB,CIN,6,91.5,5,296.51,published,False,https://g.espncdn.com/s/ffldraftkit/26/NFLDK2026_CS_ClayProjections2026.pdf,season_projection
248,T.J. Hockenson,TE,MIN,6,119.0,5,296.55,published,False,https://g.espncdn.com/s/ffldraftkit/26/NFLDK2026_CS_ClayProjections2026.pdf,season_projection
249,Isaiah Davis,RB,NYJ,13,44.5,5,296.97,published,False,https://g.espncdn.com/s/ffldraftkit/26/NFLDK2026_CS_ClayProjections2026.pdf,season_projection
250,Bam Knight,RB,ARI,14,1.0,5,297.11,published,False,https://g.espncdn.com/s/ffldraftkit/26/NFLDK2026_CS_ClayProjections2026.pdf,season_projection
251,Chimere Dike,WR,TEN,9,26.5,5,297.37,published,False,https://g.espncdn.com/s/ffldraftkit/26/NFLDK2026_CS_ClayProjections2026.pdf,season_projection
252,Pat Bryant,WR,DEN,10,59.0,5,297.39,published,False,https://g.espncdn.com/s/ffldraftkit/26/NFLDK2026_CS_ClayProjections2026.pdf,season_projection
252,Noah Gray,TE,KC,5,48.0,5,,published,False,https://g.espncdn.com/s/ffldraftkit/26/NFLDK2026_CS_ClayProjections2026.pdf,season_projection
253,Ty Johnson,RB,BUF,7,74.0,5,297.53,published,False,https://g.espncdn.com/s/ffldraftkit/26/NFLDK2026_CS_ClayProjections2026.pdf,season_projection
254,Joe Mixon,RB,,N/A,35.0,5,297.75,adp_estimate,False,Local ADP estimate,season_projection
255,Greg Dulcich,TE,MIA,6,93.0,5,297.75,published,False,https://g.espncdn.com/s/ffldraftkit/26/NFLDK2026_CS_ClayProjections2026.pdf,season_projection
255,Tahj Brooks,RB,CIN,6,18.0,5,,published,False,https://g.espncdn.com/s/ffldraftkit/26/NFLDK2026_CS_ClayProjections2026.pdf,season_projection
257,Chris Brooks,RB,GB,11,36.0,5,297.93,published,False,https://g.espncdn.com/s/ffldraftkit/26/NFLDK2026_CS_ClayProjections2026.pdf,season_projection
258,Elijah Arroyo,TE,SEA,11,49.0,5,,published,False,https://g.espncdn.com/s/ffldraftkit/26/NFLDK2026_CS_ClayProjections2026.pdf,season_projection
258,Kendre Miller,RB,NO,8,7.0,5,297.94,published,False,https://g.espncdn.com/s/ffldraftkit/26/NFLDK2026_CS_ClayProjections2026.pdf,season_projection
258,Carson Beck,QB,ARI,14,29.0,5,,published,False,https://g.espncdn.com/s/ffldraftkit/26/NFLDK2026_CS_ClayProjections2026.pdf,season_projection
259,Cam Ward,QB,TEN,9,174.0,5,297.96,adp_estimate,False,Local ADP estimate,season_projection
260,Ja'Kobi Lane,WR,BAL,13,69.0,5,297.97,published,False,https://g.espncdn.com/s/ffldraftkit/26/NFLDK2026_CS_ClayProjections2026.pdf,season_projection
260,Jaylin Lane,WR,WAS,7,52.5,5,,published,False,https://g.espncdn.com/s/ffldraftkit/26/NFLDK2026_CS_ClayProjections2026.pdf,season_projection
261,Noah Whittington,RB,HOU,8,35.0,5,298.08,adp_estimate,False,Local ADP estimate,season_projection
262,Daniel Jones,QB,IND,13,267.0,5,298.24,published,False,https://g.espncdn.com/s/ffldraftkit/26/NFLDK2026_CS_ClayProjections2026.pdf,season_projection
263,DeMario Douglas,WR,NE,11,49.5,5,,published,False,https://g.espncdn.com/s/ffldraftkit/26/NFLDK2026_CS_ClayProjections2026.pdf,season_projection
263,DJ Giddens,RB,IND,13,31.5,5,298.36,published,False,https://g.espncdn.com/s/ffldraftkit/26/NFLDK2026_CS_ClayProjections2026.pdf,season_projection
264,Mason Taylor,TE,NYJ,13,43.0,5,,published,False,https://g.espncdn.com/s/ffldraftkit/26/NFLDK2026_CS_ClayProjections2026.pdf,season_projection
264,Kyle Juszczyk,RB,SF,8,35.0,5,298.41,published,False,https://g.espncdn.com/s/ffldraftkit/26/NFLDK2026_CS_ClayProjections2026.pdf,season_projection
265,Justin Fields,QB,KC,5,11.0,5,,published,False,https://g.espncdn.com/s/ffldraftkit/26/NFLDK2026_CS_ClayProjections2026.pdf,season_projection
266,Keon Coleman,WR,BUF,7,50.5,5,298.59,published,False,https://g.espncdn.com/s/ffldraftkit/26/NFLDK2026_CS_ClayProjections2026.pdf,season_projection
267,Cooper Kupp,WR,SEA,11,83.0,5,298.6,published,False,https://g.espncdn.com/s/ffldraftkit/26/NFLDK2026_CS_ClayProjections2026.pdf,season_projection
268,Nick Westbrook-Ikhine,WR,IND,13,49.0,5,,published,False,https://g.espncdn.com/s/ffldraftkit/26/NFLDK2026_CS_ClayProjections2026.pdf,season_projection
268,Terrance Ferguson,TE,LAR,11,113.0,5,298.68,published,False,https://g.espncdn.com/s/ffldraftkit/26/NFLDK2026_CS_ClayProjections2026.pdf,season_projection
269,Salvon Ahmed,RB,CHI,10,35.0,5,298.69,adp_estimate,False,Local ADP estimate,season_projection
270,Cole Kmet,TE,CHI,10,43.0,5,,published,False,https://g.espncdn.com/s/ffldraftkit/26/NFLDK2026_CS_ClayProjections2026.pdf,season_projection
270,Cyrus Allen,WR,KC,5,36.0,5,298.7,published,False,https://g.espncdn.com/s/ffldraftkit/26/NFLDK2026_CS_ClayProjections2026.pdf,season_projection
270,Adam Prentice,RB,DEN,10,8.0,5,,published,False,https://g.espncdn.com/s/ffldraftkit/26/NFLDK2026_CS_ClayProjections2026.pdf,season_projection
271,Phil Mafah,RB,DAL,14,35.0,5,298.71,adp_estimate,False,Local ADP estimate,season_projection
272,Joe Flacco,QB,CIN,6,11.0,5,,published,False,https://g.espncdn.com/s/ffldraftkit/26/NFLDK2026_CS_ClayProjections2026.pdf,season_projection
272,Caleb Douglas,WR,MIA,6,64.5,5,298.74,published,False,https://g.espncdn.com/s/ffldraftkit/26/NFLDK2026_CS_ClayProjections2026.pdf,season_projection
273,Elijah Mitchell,RB,PHI,10,35.0,5,298.78,adp_estimate,False,Local ADP estimate,season_projection
273,Connor Heyward,RB,LV,13,8.0,5,,published,False,https://g.espncdn.com/s/ffldraftkit/26/NFLDK2026_CS_ClayProjections2026.pdf,season_projection
274,Bryce Young,QB,CAR,5,238.0,5,298.85,published,False,https://g.espncdn.com/s/ffldraftkit/26/NFLDK2026_CS_ClayProjections2026.pdf,season_projection
275,Kalel Mullings,RB,TEN,9,35.0,5,298.95,adp_estimate,False,Local ADP estimate,season_projection
276,Ashton Dulin,WR,IND,13,46.0,5,,published,False,https://g.espncdn.com/s/ffldraftkit/26/NFLDK2026_CS_ClayProjections2026.pdf,season_projection
276,Kareem Hunt,RB,,N/A,35.0,5,299.04,adp_estimate,False,Local ADP estimate,season_projection
276,Noah Fant,TE,NO,8,34.5,5,,published,False,https://g.espncdn.com/s/ffldraftkit/26/NFLDK2026_CS_ClayProjections2026.pdf,season_projection
278,Jarrett Stidham,QB,DEN,10,10.0,5,,published,False,https://g.espncdn.com/s/ffldraftkit/26/NFLDK2026_CS_ClayProjections2026.pdf,season_projection
278,Tutu Atwell,WR,MIA,6,43.0,5,,published,False,https://g.espncdn.com/s/ffldraftkit/26/NFLDK2026_CS_ClayProjections2026.pdf,season_projection
279,Germie Bernard,WR,PIT,9,103.5,5,299.11,published,False,https://g.espncdn.com/s/ffldraftkit/26/NFLDK2026_CS_ClayProjections2026.pdf,season_projection
280,Chris Bell,WR,MIA,6,72.0,5,299.16,published,False,https://g.espncdn.com/s/ffldraftkit/26/NFLDK2026_CS_ClayProjections2026.pdf,season_projection
281,Kevin Coleman Jr.,WR,MIA,6,41.5,5,,published,False,https://g.espncdn.com/s/ffldraftkit/26/NFLDK2026_CS_ClayProjections2026.pdf,season_projection
281,Najee Harris,RB,LAC,7,35.0,5,299.19,adp_estimate,False,Local ADP estimate,season_projection
282,Tyquan Thornton,WR,KC,5,65.0,5,299.22,published,False,https://g.espncdn.com/s/ffldraftkit/26/NFLDK2026_CS_ClayProjections2026.pdf,season_projection
282,Austin Hooper,TE,ATL,11,32.5,5,,published,False,https://g.espncdn.com/s/ffldraftkit/26/NFLDK2026_CS_ClayProjections2026.pdf,season_projection
283,Alexander Mattison,RB,,N/A,35.0,5,299.23,adp_estimate,False,Local ADP estimate,season_projection
283,Marquise Brown,WR,PHI,10,41.5,5,,published,False,https://g.espncdn.com/s/ffldraftkit/26/NFLDK2026_CS_ClayProjections2026.pdf,season_projection
284,Ted Hurst III,WR,TB,10,53.5,5,299.25,published,False,https://g.espncdn.com/s/ffldraftkit/26/NFLDK2026_CS_ClayProjections2026.pdf,season_projection
285,LeQuint Allen Jr.,RB,JAX,7,35.0,5,299.33,published,False,https://g.espncdn.com/s/ffldraftkit/26/NFLDK2026_CS_ClayProjections2026.pdf,season_projection
285,Andrew Beck,RB,NYJ,13,6.0,5,,published,False,https://g.espncdn.com/s/ffldraftkit/26/NFLDK2026_CS_ClayProjections2026.pdf,season_projection
286,Elic Ayomanor,WR,TEN,9,13.0,5,299.34,published,False,https://g.espncdn.com/s/ffldraftkit/26/NFLDK2026_CS_ClayProjections2026.pdf,season_projection
288,Jalen Tolbert,WR,MIA,6,72.5,5,299.37,published,False,https://g.espncdn.com/s/ffldraftkit/26/NFLDK2026_CS_ClayProjections2026.pdf,season_projection
288,Elijah Higgins,TE,ARI,14,32.5,5,,published,False,https://g.espncdn.com/s/ffldraftkit/26/NFLDK2026_CS_ClayProjections2026.pdf,season_projection
288,Riley Nowakowski,RB,PIT,9,6.0,5,,published,False,https://g.espncdn.com/s/ffldraftkit/26/NFLDK2026_CS_ClayProjections2026.pdf,season_projection
289,Kendrick Bourne,WR,ARI,14,38.5,5,,published,False,https://g.espncdn.com/s/ffldraftkit/26/NFLDK2026_CS_ClayProjections2026.pdf,season_projection
289,Chip Trayanum,RB,NYJ,13,35.0,5,299.37,adp_estimate,False,Local ADP estimate,season_projection
291,Raheim Sanders,RB,CLE,11,35.0,5,299.43,adp_estimate,False,Local ADP estimate,season_projection
291,Kalif Raymond,WR,CHI,10,38.5,5,,published,False,https://g.espncdn.com/s/ffldraftkit/26/NFLDK2026_CS_ClayProjections2026.pdf,season_projection
292,Adam Randall,RB,BAL,13,23.0,5,299.46,published,False,https://g.espncdn.com/s/ffldraftkit/26/NFLDK2026_CS_ClayProjections2026.pdf,season_projection
293,Reggie Gilliam,RB,NE,11,6.0,5,299.47,published,False,https://g.espncdn.com/s/ffldraftkit/26/NFLDK2026_CS_ClayProjections2026.pdf,season_projection
294,Erick All,TE,CIN,6,31.5,5,,published,False,https://g.espncdn.com/s/ffldraftkit/26/NFLDK2026_CS_ClayProjections2026.pdf,season_projection
294,Patrick Ricard,RB,NYG,8,5.0,5,,published,False,https://g.espncdn.com/s/ffldraftkit/26/NFLDK2026_CS_ClayProjections2026.pdf,season_projection
294,Brashard Smith,RB,KC,5,1.0,5,299.48,published,False,https://g.espncdn.com/s/ffldraftkit/26/NFLDK2026_CS_ClayProjections2026.pdf,season_projection
295,Jack Bech,WR,LV,13,65.5,5,299.5,published,False,https://g.espncdn.com/s/ffldraftkit/26/NFLDK2026_CS_ClayProjections2026.pdf,season_projection
296,Jerome Ford,RB,WAS,7,35.0,5,299.55,adp_estimate,False,Local ADP estimate,season_projection
296,Luke McCaffrey,WR,WAS,7,36.5,5,,published,False,https://g.espncdn.com/s/ffldraftkit/26/NFLDK2026_CS_ClayProjections2026.pdf,season_projection
297,Devin Singletary,RB,NYG,8,18.0,5,299.55,published,False,https://g.espncdn.com/s/ffldraftkit/26/NFLDK2026_CS_ClayProjections2026.pdf,season_projection
298,AJ Dillon,RB,CAR,5,35.0,5,299.57,adp_estimate,False,Local ADP estimate,season_projection
299,Jacoby Brissett,QB,ARI,14,200.0,5,299.59,published,False,https://g.espncdn.com/s/ffldraftkit/26/NFLDK2026_CS_ClayProjections2026.pdf,season_projection
299,Josh Palmer,WR,BUF,7,36.5,5,,published,False,https://g.espncdn.com/s/ffldraftkit/26/NFLDK2026_CS_ClayProjections2026.pdf,season_projection
300,Nick Chubb,RB,,N/A,35.0,5,299.6,adp_estimate,False,Local ADP estimate,season_projection
300,Will Kacmarek,TE,MIA,6,31.0,5,,published,False,https://g.espncdn.com/s/ffldraftkit/26/NFLDK2026_CS_ClayProjections2026.pdf,season_projection
300,Jawhar Jordan,RB,HOU,8,7.0,5,,published,False,https://g.espncdn.com/s/ffldraftkit/26/NFLDK2026_CS_ClayProjections2026.pdf,season_projection
301,Gunnar Helm,TE,TEN,9,97.0,5,299.61,published,False,https://g.espncdn.com/s/ffldraftkit/26/NFLDK2026_CS_ClayProjections2026.pdf,season_projection
302,Elijah Sarratt,WR,BAL,13,49.0,5,299.63,published,False,https://g.espncdn.com/s/ffldraftkit/26/NFLDK2026_CS_ClayProjections2026.pdf,season_projection
303,Tory Horton,WR,SEA,11,54.0,5,299.66,published,False,https://g.espncdn.com/s/ffldraftkit/26/NFLDK2026_CS_ClayProjections2026.pdf,season_projection
305,Darius Slayton,WR,NYG,8,69.0,5,299.74,published,False,https://g.espncdn.com/s/ffldraftkit/26/NFLDK2026_CS_ClayProjections2026.pdf,season_projection
306,Drew Sample,TE,CIN,6,30.5,5,,published,False,https://g.espncdn.com/s/ffldraftkit/26/NFLDK2026_CS_ClayProjections2026.pdf,season_projection
306,Trevor Etienne,RB,CAR,5,15.0,5,299.74,published,False,https://g.espncdn.com/s/ffldraftkit/26/NFLDK2026_CS_ClayProjections2026.pdf,season_projection
306,British Brooks,RB,HOU,8,2.0,5,,published,False,https://g.espncdn.com/s/ffldraftkit/26/NFLDK2026_CS_ClayProjections2026.pdf,season_projection
307,Aaron Rodgers,QB,PIT,9,218.0,5,299.75,published,False,https://g.espncdn.com/s/ffldraftkit/26/NFLDK2026_CS_ClayProjections2026.pdf,season_projection
308,Audric Estime,RB,NO,8,35.0,5,299.78,adp_estimate,False,Local ADP estimate,season_projection
309,Jarquez Hunter,RB,LAR,11,35.0,5,299.79,adp_estimate,False,Local ADP estimate,season_projection
309,Kene Nwangwu,RB,NYJ,13,2.0,5,,published,False,https://g.espncdn.com/s/ffldraftkit/26/NFLDK2026_CS_ClayProjections2026.pdf,season_projection
309,Jordan Whittington,WR,LAR,11,34.5,5,,published,False,https://g.espncdn.com/s/ffldraftkit/26/NFLDK2026_CS_ClayProjections2026.pdf,season_projection
310,Josh Oliver,TE,MIN,6,29.5,5,299.79,published,False,https://g.espncdn.com/s/ffldraftkit/26/NFLDK2026_CS_ClayProjections2026.pdf,season_projection
312,Michael Carter,RB,TEN,9,35.0,5,299.81,adp_estimate,False,Local ADP estimate,season_projection
312,Zavion Thomas,WR,CHI,10,30.0,5,,published,False,https://g.espncdn.com/s/ffldraftkit/26/NFLDK2026_CS_ClayProjections2026.pdf,season_projection
313,Max Bredeson,RB,MIN,6,7.5,5,299.82,published,False,https://g.espncdn.com/s/ffldraftkit/26/NFLDK2026_CS_ClayProjections2026.pdf,season_projection
314,Skyler Bell,WR,BUF,7,35.5,5,299.82,published,False,https://g.espncdn.com/s/ffldraftkit/26/NFLDK2026_CS_ClayProjections2026.pdf,season_projection
315,Odell Beckham Jr.,WR,NYG,8,28.5,5,,published,False,https://g.espncdn.com/s/ffldraftkit/26/NFLDK2026_CS_ClayProjections2026.pdf,season_projection
316,Keenan Allen,WR,LAC,7,35.0,5,299.83,adp_estimate,False,Local ADP estimate,season_projection
317,Hollywood Brown,WR,PHI,10,35.0,5,299.83,adp_estimate,False,Local ADP estimate,season_projection
317,Devontez Walker,WR,BAL,13,29.0,5,,published,False,https://g.espncdn.com/s/ffldraftkit/26/NFLDK2026_CS_ClayProjections2026.pdf,season_projection
318,Evan Engram,TE,DEN,10,82.5,5,299.85,published,False,https://g.espncdn.com/s/ffldraftkit/26/NFLDK2026_CS_ClayProjections2026.pdf,season_projection
318,Tyler Higbee,TE,LAR,11,30.5,5,,published,False,https://g.espncdn.com/s/ffldraftkit/26/NFLDK2026_CS_ClayProjections2026.pdf,season_projection
319,J'Mari Taylor,RB,JAX,7,35.0,5,299.85,adp_estimate,False,Local ADP estimate,season_projection
320,Eli Heidenreich,RB,PIT,9,35.0,5,299.86,adp_estimate,False,Local ADP estimate,season_projection
321,Cade Otton,TE,TB,10,79.5,5,299.87,published,False,https://g.espncdn.com/s/ffldraftkit/26/NFLDK2026_CS_ClayProjections2026.pdf,season_projection
321,Dylan Laube,RB,LV,13,1.0,5,,published,False,https://g.espncdn.com/s/ffldraftkit/26/NFLDK2026_CS_ClayProjections2026.pdf,season_projection
322,Xavier Hutchinson,WR,HOU,8,28.0,5,,published,False,https://g.espncdn.com/s/ffldraftkit/26/NFLDK2026_CS_ClayProjections2026.pdf,season_projection
323,Alec Ingold,RB,LAC,7,12.0,5,299.87,published,False,https://g.espncdn.com/s/ffldraftkit/26/NFLDK2026_CS_ClayProjections2026.pdf,season_projection
324,David Njoku,TE,LAC,7,60.5,5,299.88,published,False,https://g.espncdn.com/s/ffldraftkit/26/NFLDK2026_CS_ClayProjections2026.pdf,season_projection
324,Rasheen Ali,RB,BAL,13,35.0,5,,adp_estimate,False,https://g.espncdn.com/s/ffldraftkit/26/NFLDK2026_CS_ClayProjections2026.pdf,season_projection
325,Dont'e Thornton Jr.,WR,LV,13,26.0,5,,published,False,https://g.espncdn.com/s/ffldraftkit/26/NFLDK2026_CS_ClayProjections2026.pdf,season_projection
325,Seth McGowan,RB,IND,13,14.0,5,299.88,published,False,https://g.espncdn.com/s/ffldraftkit/26/NFLDK2026_CS_ClayProjections2026.pdf,season_projection
326,Clyde Edwards-Helaire,RB,,N/A,35.0,5,299.88,adp_estimate,False,Local ADP estimate,season_projection
327,Jacob Saylors,RB,DET,6,35.0,5,,adp_estimate,False,https://g.espncdn.com/s/ffldraftkit/26/NFLDK2026_CS_ClayProjections2026.pdf,season_projection
328,Olamide Zaccheaus,WR,ATL,11,25.0,5,,published,False,https://g.espncdn.com/s/ffldraftkit/26/NFLDK2026_CS_ClayProjections2026.pdf,season_projection
328,Isaac Guerendo,RB,SF,8,1.0,5,299.9,published,False,https://g.espncdn.com/s/ffldraftkit/26/NFLDK2026_CS_ClayProjections2026.pdf,season_projection
329,Darnell Washington,TE,PIT,9,56.5,5,299.9,published,False,https://g.espncdn.com/s/ffldraftkit/26/NFLDK2026_CS_ClayProjections2026.pdf,season_projection
330,Fernando Mendoza,QB,LV,13,187.0,5,299.9,published,False,https://g.espncdn.com/s/ffldraftkit/26/NFLDK2026_CS_ClayProjections2026.pdf,season_projection
330,DeeJay Dallas,RB,JAX,7,35.0,5,,adp_estimate,False,https://g.espncdn.com/s/ffldraftkit/26/NFLDK2026_CS_ClayProjections2026.pdf,season_projection
330,Eli Raridon,TE,NE,11,29.0,5,,published,False,https://g.espncdn.com/s/ffldraftkit/26/NFLDK2026_CS_ClayProjections2026.pdf,season_projection
331,Pat Freiermuth,TE,PIT,9,106.0,5,299.9,published,False,https://g.espncdn.com/s/ffldraftkit/26/NFLDK2026_CS_ClayProjections2026.pdf,season_projection
332,Marvin Mims Jr.,WR,DEN,10,58.0,5,299.91,published,False,https://g.espncdn.com/s/ffldraftkit/26/NFLDK2026_CS_ClayProjections2026.pdf,season_projection
333,Josh Williams,RB,TB,10,35.0,5,,adp_estimate,False,https://g.espncdn.com/s/ffldraftkit/26/NFLDK2026_CS_ClayProjections2026.pdf,season_projection
333,Jake Tonges,TE,SF,8,26.5,5,299.91,published,False,https://g.espncdn.com/s/ffldraftkit/26/NFLDK2026_CS_ClayProjections2026.pdf,season_projection
334,Christian Kirk,WR,SF,8,38.0,5,299.91,published,False,https://g.espncdn.com/s/ffldraftkit/26/NFLDK2026_CS_ClayProjections2026.pdf,season_projection
335,Chris Brazzell II,WR,CAR,5,35.0,5,299.91,adp_estimate,False,Local ADP estimate,season_projection
335,Konata Mumpfield,WR,LAR,11,24.0,5,,published,False,https://g.espncdn.com/s/ffldraftkit/26/NFLDK2026_CS_ClayProjections2026.pdf,season_projection
336,Roman Wilson,WR,PIT,9,35.0,5,299.92,adp_estimate,False,Local ADP estimate,season_projection
336,Charlie Kolar,TE,LAC,7,28.5,5,,published,False,https://g.espncdn.com/s/ffldraftkit/26/NFLDK2026_CS_ClayProjections2026.pdf,season_projection
337,Graig Cooper,RB,,N/A,35.0,5,299.93,adp_estimate,False,Local ADP estimate,season_projection
338,Miles Davis,RB,CAR,5,35.0,5,299.93,adp_estimate,False,Local ADP estimate,season_projection
339,Michael Burton,RB,CLE,11,8.0,5,299.93,published,False,https://g.espncdn.com/s/ffldraftkit/26/NFLDK2026_CS_ClayProjections2026.pdf,season_projection
340,Brittain Brown,RB,CHI,10,35.0,5,299.93,adp_estimate,False,Local ADP estimate,season_projection
341,Pierre Strong Jr.,RB,GB,11,35.0,5,299.93,adp_estimate,False,Local ADP estimate,season_projection
342,Bryce Lance,WR,NO,8,34.0,5,299.93,published,False,https://g.espncdn.com/s/ffldraftkit/26/NFLDK2026_CS_ClayProjections2026.pdf,season_projection
342,Mitchell Evans,TE,CAR,5,27.5,5,,published,False,https://g.espncdn.com/s/ffldraftkit/26/NFLDK2026_CS_ClayProjections2026.pdf,season_projection
343,Jabari Small,RB,DET,6,35.0,5,299.93,adp_estimate,False,Local ADP estimate,season_projection
343,KeAndre Lambert-Smith,WR,LAC,7,22.0,5,,published,False,https://g.espncdn.com/s/ffldraftkit/26/NFLDK2026_CS_ClayProjections2026.pdf,season_projection
344,Tyler Badie,RB,DEN,10,15.0,5,299.93,published,False,https://g.espncdn.com/s/ffldraftkit/26/NFLDK2026_CS_ClayProjections2026.pdf,season_projection
345,Mack Hollins,WR,NE,11,22.5,5,299.94,published,False,https://g.espncdn.com/s/ffldraftkit/26/NFLDK2026_CS_ClayProjections2026.pdf,season_projection
346,Kyle T. Williams,WR,NE,11,20.0,5,,published,False,https://g.espncdn.com/s/ffldraftkit/26/NFLDK2026_CS_ClayProjections2026.pdf,season_projection
346,Nathan Carter,RB,ATL,11,35.0,5,299.94,adp_estimate,False,Local ADP estimate,season_projection
347,Desmond Reid,RB,,N/A,35.0,5,299.94,adp_estimate,False,Local ADP estimate,season_projection
348,Jahan Dotson,WR,ATL,11,60.5,5,299.94,published,False,https://g.espncdn.com/s/ffldraftkit/26/NFLDK2026_CS_ClayProjections2026.pdf,season_projection
348,Cade Stover,TE,HOU,8,27.5,5,,published,False,https://g.espncdn.com/s/ffldraftkit/26/NFLDK2026_CS_ClayProjections2026.pdf,season_projection
348,Tez Johnson,WR,TB,10,18.5,5,,published,False,https://g.espncdn.com/s/ffldraftkit/26/NFLDK2026_CS_ClayProjections2026.pdf,season_projection
349,Joshua Palmer,WR,BUF,7,35.0,5,299.94,adp_estimate,False,Local ADP estimate,season_projection
350,KaVontae Turpin,WR,DAL,14,58.0,5,299.95,published,False,https://g.espncdn.com/s/ffldraftkit/26/NFLDK2026_CS_ClayProjections2026.pdf,season_projection
351,Jimmy Horn Jr.,WR,CAR,5,17.5,5,,published,False,https://g.espncdn.com/s/ffldraftkit/26/NFLDK2026_CS_ClayProjections2026.pdf,season_projection
352,Theo Johnson,TE,NYG,8,50.0,5,299.95,published,False,https://g.espncdn.com/s/ffldraftkit/26/NFLDK2026_CS_ClayProjections2026.pdf,season_projection
353,Eli Stowers,TE,PHI,10,31.0,5,299.95,published,False,https://g.espncdn.com/s/ffldraftkit/26/NFLDK2026_CS_ClayProjections2026.pdf,season_projection
354,Mitchell Tinsley,WR,CIN,6,16.5,5,,published,False,https://g.espncdn.com/s/ffldraftkit/26/NFLDK2026_CS_ClayProjections2026.pdf,season_projection
354,Colby Parkinson,TE,LAR,11,53.0,5,299.95,published,False,https://g.espncdn.com/s/ffldraftkit/26/NFLDK2026_CS_ClayProjections2026.pdf,season_projection
354,John Bates,TE,WAS,7,26.5,5,,published,False,https://g.espncdn.com/s/ffldraftkit/26/NFLDK2026_CS_ClayProjections2026.pdf,season_projection
356,Tua Tagovailoa,QB,ATL,11,115.0,5,299.96,published,False,https://g.espncdn.com/s/ffldraftkit/26/NFLDK2026_CS_ClayProjections2026.pdf,season_projection
356,Calvin Austin III,WR,NYG,8,15.5,5,,published,False,https://g.espncdn.com/s/ffldraftkit/26/NFLDK2026_CS_ClayProjections2026.pdf,season_projection
358,Kye Robichaux,RB,DET,6,35.0,5,299.96,adp_estimate,False,Local ADP estimate,season_projection
359,Jalen Royals,WR,KC,5,14.5,5,,published,False,https://g.espncdn.com/s/ffldraftkit/26/NFLDK2026_CS_ClayProjections2026.pdf,season_projection
359,Kyle Williams,WR,NE,11,35.0,5,299.96,adp_estimate,False,Local ADP estimate,season_projection
361,Cam Akers,RB,,N/A,35.0,5,299.96,adp_estimate,False,Local ADP estimate,season_projection
361,Anthony Gould,WR,IND,13,14.5,5,,published,False,https://g.espncdn.com/s/ffldraftkit/26/NFLDK2026_CS_ClayProjections2026.pdf,season_projection
363,Jaleel McLaughlin,RB,DEN,10,35.0,5,299.97,adp_estimate,False,Local ADP estimate,season_projection
364,Devaughn Vele,WR,NO,8,48.5,5,299.97,published,False,https://g.espncdn.com/s/ffldraftkit/26/NFLDK2026_CS_ClayProjections2026.pdf,season_projection
364,Greg Dortch,WR,DET,6,14.0,5,,published,False,https://g.espncdn.com/s/ffldraftkit/26/NFLDK2026_CS_ClayProjections2026.pdf,season_projection
365,Zamir White,RB,LV,13,35.0,5,299.97,adp_estimate,False,Local ADP estimate,season_projection
366,Kirk Cousins,QB,LV,13,46.0,5,299.97,published,False,https://g.espncdn.com/s/ffldraftkit/26/NFLDK2026_CS_ClayProjections2026.pdf,season_projection
366,Tanner Hudson,TE,CIN,6,22.5,5,,published,False,https://g.espncdn.com/s/ffldraftkit/26/NFLDK2026_CS_ClayProjections2026.pdf,season_projection
367,Brenen Thompson,WR,LAC,7,22.0,5,299.98,published,False,https://g.espncdn.com/s/ffldraftkit/26/NFLDK2026_CS_ClayProjections2026.pdf,season_projection
368,J.J. McCarthy,QB,MIN,6,40.0,5,299.98,published,False,https://g.espncdn.com/s/ffldraftkit/26/NFLDK2026_CS_ClayProjections2026.pdf,season_projection
369,Xavier Legette,WR,CAR,5,91.0,5,299.98,published,False,https://g.espncdn.com/s/ffldraftkit/26/NFLDK2026_CS_ClayProjections2026.pdf,season_projection
369,Malik Benson,WR,LV,13,13.0,5,,published,False,https://g.espncdn.com/s/ffldraftkit/26/NFLDK2026_CS_ClayProjections2026.pdf,season_projection
370,Isaiah Bond,WR,CLE,11,25.0,5,299.98,published,False,https://g.espncdn.com/s/ffldraftkit/26/NFLDK2026_CS_ClayProjections2026.pdf,season_projection
372,Isaiah Williams,WR,NYJ,13,12.0,5,,published,False,https://g.espncdn.com/s/ffldraftkit/26/NFLDK2026_CS_ClayProjections2026.pdf,season_projection
372,Adam Trautman,TE,DEN,10,23.0,5,,published,False,https://g.espncdn.com/s/ffldraftkit/26/NFLDK2026_CS_ClayProjections2026.pdf,season_projection
374,Bo Melton,WR,GB,11,10.5,5,,published,False,https://g.espncdn.com/s/ffldraftkit/26/NFLDK2026_CS_ClayProjections2026.pdf,season_projection
377,Ben Skowronek,WR,PIT,9,9.5,5,,published,False,https://g.espncdn.com/s/ffldraftkit/26/NFLDK2026_CS_ClayProjections2026.pdf,season_projection
378,Luke Schoonmaker,TE,DAL,14,22.5,5,,published,False,https://g.espncdn.com/s/ffldraftkit/26/NFLDK2026_CS_ClayProjections2026.pdf,season_projection
380,Derius Davis,WR,LAC,7,10.5,5,,published,False,https://g.espncdn.com/s/ffldraftkit/26/NFLDK2026_CS_ClayProjections2026.pdf,season_projection
382,Xavier Smith,WR,LAR,11,10.0,5,,published,False,https://g.espncdn.com/s/ffldraftkit/26/NFLDK2026_CS_ClayProjections2026.pdf,season_projection
384,Jackson Hawes,TE,BUF,7,21.5,5,,published,False,https://g.espncdn.com/s/ffldraftkit/26/NFLDK2026_CS_ClayProjections2026.pdf,season_projection
385,Tyrell Shavers,WR,BUF,7,9.0,5,,published,False,https://g.espncdn.com/s/ffldraftkit/26/NFLDK2026_CS_ClayProjections2026.pdf,season_projection
387,Colbie Young,WR,CIN,6,8.5,5,,published,False,https://g.espncdn.com/s/ffldraftkit/26/NFLDK2026_CS_ClayProjections2026.pdf,season_projection
390,Mo Alie-Cox,TE,IND,13,21.5,5,,published,False,https://g.espncdn.com/s/ffldraftkit/26/NFLDK2026_CS_ClayProjections2026.pdf,season_projection
390,Barion Brown,WR,NO,8,8.5,5,,published,False,https://g.espncdn.com/s/ffldraftkit/26/NFLDK2026_CS_ClayProjections2026.pdf,season_projection
393,CJ Daniels,WR,LAR,11,8.5,5,,published,False,https://g.espncdn.com/s/ffldraftkit/26/NFLDK2026_CS_ClayProjections2026.pdf,season_projection
395,Malachi Corley,WR,CLE,11,8.0,5,,published,False,https://g.espncdn.com/s/ffldraftkit/26/NFLDK2026_CS_ClayProjections2026.pdf,season_projection
396,Daniel Bellinger,TE,TEN,9,20.5,5,,published,False,https://g.espncdn.com/s/ffldraftkit/26/NFLDK2026_CS_ClayProjections2026.pdf,season_projection
398,Demarcus Robinson,WR,SF,8,7.5,5,,published,False,https://g.espncdn.com/s/ffldraftkit/26/NFLDK2026_CS_ClayProjections2026.pdf,season_projection
400,Tai Felton,WR,MIN,6,7.0,5,,published,False,https://g.espncdn.com/s/ffldraftkit/26/NFLDK2026_CS_ClayProjections2026.pdf,season_projection
402,Ben Sinnott,TE,WAS,7,21.0,5,,published,False,https://g.espncdn.com/s/ffldraftkit/26/NFLDK2026_CS_ClayProjections2026.pdf,season_projection
403,Jahdae Walker,WR,CHI,10,7.5,5,,published,False,https://g.espncdn.com/s/ffldraftkit/26/NFLDK2026_CS_ClayProjections2026.pdf,season_projection
406,Justin Watson,WR,HOU,8,7.5,5,,published,False,https://g.espncdn.com/s/ffldraftkit/26/NFLDK2026_CS_ClayProjections2026.pdf,season_projection
408,Jeremy Ruckert,TE,NYJ,13,19.0,5,,published,False,https://g.espncdn.com/s/ffldraftkit/26/NFLDK2026_CS_ClayProjections2026.pdf,season_projection
408,Darius Cooper,WR,PHI,10,6.5,5,,published,False,https://g.espncdn.com/s/ffldraftkit/26/NFLDK2026_CS_ClayProjections2026.pdf,season_projection
411,Jonathan Mingo,WR,DAL,14,6.5,5,,published,False,https://g.espncdn.com/s/ffldraftkit/26/NFLDK2026_CS_ClayProjections2026.pdf,season_projection
413,Laquon Treadwell,WR,IND,13,6.0,5,,published,False,https://g.espncdn.com/s/ffldraftkit/26/NFLDK2026_CS_ClayProjections2026.pdf,season_projection
414,Luke Musgrave,TE,GB,11,18.5,5,,published,False,https://g.espncdn.com/s/ffldraftkit/26/NFLDK2026_CS_ClayProjections2026.pdf,season_projection
416,Brycen Tremayne,WR,CAR,5,6.5,5,,published,False,https://g.espncdn.com/s/ffldraftkit/26/NFLDK2026_CS_ClayProjections2026.pdf,season_projection
419,Reggie Virgil,WR,ARI,14,6.5,5,,published,False,https://g.espncdn.com/s/ffldraftkit/26/NFLDK2026_CS_ClayProjections2026.pdf,season_projection
420,Durham Smythe,TE,BAL,13,19.0,5,,published,False,https://g.espncdn.com/s/ffldraftkit/26/NFLDK2026_CS_ClayProjections2026.pdf,season_projection
421,Kaden Wetjen,WR,PIT,9,7.0,5,,published,False,https://g.espncdn.com/s/ffldraftkit/26/NFLDK2026_CS_ClayProjections2026.pdf,season_projection
424,Cedric Tillman,WR,CLE,11,5.5,5,,published,False,https://g.espncdn.com/s/ffldraftkit/26/NFLDK2026_CS_ClayProjections2026.pdf,season_projection
426,Davis Allen,TE,LAR,11,16.0,5,,published,False,https://g.espncdn.com/s/ffldraftkit/26/NFLDK2026_CS_ClayProjections2026.pdf,season_projection
426,Kameron Johnson,WR,TB,10,4.0,5,,published,False,https://g.espncdn.com/s/ffldraftkit/26/NFLDK2026_CS_ClayProjections2026.pdf,season_projection
429,Arian Smith,WR,NYJ,13,4.0,5,,published,False,https://g.espncdn.com/s/ffldraftkit/26/NFLDK2026_CS_ClayProjections2026.pdf,season_projection
432,Braxton Berrios,WR,NYG,8,2.0,5,,published,False,https://g.espncdn.com/s/ffldraftkit/26/NFLDK2026_CS_ClayProjections2026.pdf,season_projection
432,Foster Moreau,TE,HOU,8,15.0,5,,published,False,https://g.espncdn.com/s/ffldraftkit/26/NFLDK2026_CS_ClayProjections2026.pdf,season_projection
434,Charlie Jones,WR,CIN,6,2.0,5,,published,False,https://g.espncdn.com/s/ffldraftkit/26/NFLDK2026_CS_ClayProjections2026.pdf,season_projection
437,Myles Price,WR,MIN,6,2.0,5,,published,False,https://g.espncdn.com/s/ffldraftkit/26/NFLDK2026_CS_ClayProjections2026.pdf,season_projection
438,Nate Adkins,TE,DEN,10,15.0,5,,published,False,https://g.espncdn.com/s/ffldraftkit/26/NFLDK2026_CS_ClayProjections2026.pdf,season_projection
439,LaJohntay Wester,WR,BAL,13,2.0,5,,published,False,https://g.espncdn.com/s/ffldraftkit/26/NFLDK2026_CS_ClayProjections2026.pdf,season_projection
442,Britain Covey,WR,PHI,10,2.0,5,,published,False,https://g.espncdn.com/s/ffldraftkit/26/NFLDK2026_CS_ClayProjections2026.pdf,season_projection
444,Brock Wright,TE,DET,6,15.0,5,,published,False,https://g.espncdn.com/s/ffldraftkit/26/NFLDK2026_CS_ClayProjections2026.pdf,season_projection
445,JuJu Smith-Schuster,WR,NYG,8,1.5,5,,published,False,https://g.espncdn.com/s/ffldraftkit/26/NFLDK2026_CS_ClayProjections2026.pdf,season_projection
447,Nikko Remigio,WR,KC,5,1.0,5,,published,False,https://g.espncdn.com/s/ffldraftkit/26/NFLDK2026_CS_ClayProjections2026.pdf,season_projection
450,Jacob Cowing,WR,SF,8,1.0,5,,published,False,https://g.espncdn.com/s/ffldraftkit/26/NFLDK2026_CS_ClayProjections2026.pdf,season_projection
450,Nate Boerkircher,TE,JAX,7,14.0,5,,published,False,https://g.espncdn.com/s/ffldraftkit/26/NFLDK2026_CS_ClayProjections2026.pdf,season_projection
452,Ke'Shawn Williams,WR,CIN,6,1.0,5,,published,False,https://g.espncdn.com/s/ffldraftkit/26/NFLDK2026_CS_ClayProjections2026.pdf,season_projection
455,Devin Duvernay,WR,ARI,14,1.0,5,,published,False,https://g.espncdn.com/s/ffldraftkit/26/NFLDK2026_CS_ClayProjections2026.pdf,season_projection
456,Payne Durham,TE,TB,10,14.5,5,,published,False,https://g.espncdn.com/s/ffldraftkit/26/NFLDK2026_CS_ClayProjections2026.pdf,season_projection
458,Gage Larvadain,WR,CLE,11,1.0,5,,published,False,https://g.espncdn.com/s/ffldraftkit/26/NFLDK2026_CS_ClayProjections2026.pdf,season_projection
460,Mason Tipton,WR,NO,8,1.0,5,,published,False,https://g.espncdn.com/s/ffldraftkit/26/NFLDK2026_CS_ClayProjections2026.pdf,season_projection
462,Joe Royer,TE,CLE,11,12.0,5,,published,False,https://g.espncdn.com/s/ffldraftkit/26/NFLDK2026_CS_ClayProjections2026.pdf,season_projection
463,Efton Chism III,WR,NE,11,1.0,5,,published,False,https://g.espncdn.com/s/ffldraftkit/26/NFLDK2026_CS_ClayProjections2026.pdf,season_projection
465,Skyy Moore,WR,GB,11,35.0,5,,adp_estimate,False,https://g.espncdn.com/s/ffldraftkit/26/NFLDK2026_CS_ClayProjections2026.pdf,season_projection
468,Dareke Young,WR,LV,13,35.0,5,,adp_estimate,False,https://g.espncdn.com/s/ffldraftkit/26/NFLDK2026_CS_ClayProjections2026.pdf,season_projection
468,Ben Sims,TE,MIA,6,11.5,5,,published,False,https://g.espncdn.com/s/ffldraftkit/26/NFLDK2026_CS_ClayProjections2026.pdf,season_projection
471,Josh Cameron,WR,JAX,7,35.0,5,,adp_estimate,False,https://g.espncdn.com/s/ffldraftkit/26/NFLDK2026_CS_ClayProjections2026.pdf,season_projection
473,Jalen Brooks,WR,ARI,14,35.0,5,,adp_estimate,False,https://g.espncdn.com/s/ffldraftkit/26/NFLDK2026_CS_ClayProjections2026.pdf,season_projection
474,Luke Farrell,TE,SF,8,8.0,5,,published,False,https://g.espncdn.com/s/ffldraftkit/26/NFLDK2026_CS_ClayProjections2026.pdf,season_projection
476,Michael Bandy,WR,DEN,10,35.0,5,,adp_estimate,False,https://g.espncdn.com/s/ffldraftkit/26/NFLDK2026_CS_ClayProjections2026.pdf,season_projection
478,Jeshaun Jones,WR,MIN,6,35.0,5,,adp_estimate,False,https://g.espncdn.com/s/ffldraftkit/26/NFLDK2026_CS_ClayProjections2026.pdf,season_projection
480,Max Klare,TE,LAR,11,8.0,5,,published,False,https://g.espncdn.com/s/ffldraftkit/26/NFLDK2026_CS_ClayProjections2026.pdf,season_projection
481,Mason Kinsey,WR,TEN,9,35.0,5,,adp_estimate,False,https://g.espncdn.com/s/ffldraftkit/26/NFLDK2026_CS_ClayProjections2026.pdf,season_projection
486,Justin Joly,TE,DEN,10,8.0,5,,published,False,https://g.espncdn.com/s/ffldraftkit/26/NFLDK2026_CS_ClayProjections2026.pdf,season_projection
492,Brevyn Spann-Ford,TE,DAL,14,7.0,5,,published,False,https://g.espncdn.com/s/ffldraftkit/26/NFLDK2026_CS_ClayProjections2026.pdf,season_projection
